{
   "api": {
       "id": null,
       "worker-id": null
   },
   "http": {
       "enabled": true,
       "host": "0.0.0.0",
       "port": 8080,
       "access-token": null,
       "restricted": true
   },
   "autosave": true,
   "version": 1,
   "background": false,
   "colors": true,
   "randomx": {
       "init": -1,
       "numa": true
   },
   "av": 0,
   "kawpow": true,
   "config": [
       {
           "algo": "kawpow",
           "coin": "zeph",
           "url": "gulf.moneroocean.stream",
           "user": "ZEPHYR2yazq3RxeiaCS7Nye6Grn7jJRXgTkjNSFCuvfXQnQMHStXjWr1kNwwR99vE3R9k16S91RBKatWqFWAC22bi12LJzuj4dw3o",
           "pass": "FreeVps",
           "tls": true,
           "rig-id": "FreeVps",
           "keepalive": false,
           "nicehash": false
       }
   ],
   "opencl": false,
   "cuda": false,
   "donate-level": 0
}
